id,first_id/id,initial_ids/id,middle_ids/id,nickname_ids/id,surname_id/id,mother_maiden_id/id,previous_surname_ids/id,birth_surname_id/id,prefix_ids/id,suffix_ids/id,preferred_name
hc_base.human_name_3,hc_base.human_name_term_4,,hc_base.human_name_term_153,,hc_base.human_name_term_152,,,,,,""
hc_base.human_name_4,hc_base.human_name_term_32,,,,hc_base.human_name_term_33,,,,,,""
hc_base.human_name_5,hc_base.human_name_term_17,,,,hc_base.human_name_term_18,,,,,,""
hc_base.human_name_6,hc_base.human_name_term_9,,,,hc_base.human_name_term_10,,,,,,""
hc_base.human_name_7,hc_base.human_name_term_111,,,,hc_base.human_name_term_34,,,,,,""
hc_base.human_name_8,hc_base.human_name_term_35,,,,hc_base.human_name_term_35,,,,,,""
hc_base.human_name_10,hc_base.human_name_term_37,,,,hc_base.human_name_term_36,,,,,,""
hc_base.human_name_11,hc_base.human_name_term_39,,,,hc_base.human_name_term_38,,,,,,""
hc_base.human_name_12,hc_base.human_name_term_40,,,,hc_base.human_name_term_41,,,,,,""
hc_base.human_name_13,hc_base.human_name_term_42,,,,hc_base.human_name_term_43,,,,,,""
hc_base.human_name_14,hc_base.human_name_term_45,,,,hc_base.human_name_term_44,,,,,,""
hc_base.human_name_15,hc_base.human_name_term_46,,,,hc_base.human_name_term_47,,,,,,""
hc_base.human_name_16,hc_base.human_name_term_15,,,,hc_base.human_name_term_16,,,,,,""
hc_base.human_name_18,hc_base.human_name_term_1,,,,hc_base.human_name_term_6,,,,,,""
hc_base.human_name_52,hc_base.human_name_term_48,,,,hc_base.human_name_term_49,,,,,,""
hc_base.human_name_53,hc_base.human_name_term_50,,,,hc_base.human_name_term_51,,,,,,""
hc_base.human_name_54,hc_base.human_name_term_52,,,,hc_base.human_name_term_53,,,,,,""
hc_base.human_name_55,hc_base.human_name_term_54,,,,hc_base.human_name_term_56,hc_base.human_name_term_55,,,,,""
hc_base.human_name_56,hc_base.human_name_term_58,,,,hc_base.human_name_term_56,hc_base.human_name_term_57,,,,,""
hc_base.human_name_57,hc_base.human_name_term_59,,,,hc_base.human_name_term_60,,,,,,""
hc_base.human_name_58,hc_base.human_name_term_2,,hc_base.human_name_term_62,hc_base.human_name_term_9,,hc_base.human_name_term_63,,,,,,""
hc_base.human_name_59,hc_base.human_name_term_64,,,,hc_base.human_name_term_65,,,,,,""
hc_base.human_name_60,hc_base.human_name_term_66,,,,hc_base.human_name_term_67,,,,,,""
hc_base.human_name_61,hc_base.human_name_term_68,,,,hc_base.human_name_term_69,,,,,,""
hc_base.human_name_62,hc_base.human_name_term_70,,,,hc_base.human_name_term_71,,,,,,""
hc_base.human_name_63,hc_base.human_name_term_72,,,,hc_base.human_name_term_73,,,,,,""
hc_base.human_name_64,hc_base.human_name_term_11,,hc_base.human_name_term_75,,hc_base.human_name_term_74,,,,,,""
hc_base.human_name_65,hc_base.human_name_term_76,,hc_base.human_name_term_77,,hc_base.human_name_term_79,,hc_base.human_name_term_78,,,,"Kerri Walsh Jennings"
hc_base.human_name_66,hc_base.human_name_term_80,,,,hc_base.human_name_term_81,,,,,,""
hc_base.human_name_1,hc_base.human_name_term_15,,,,hc_base.human_name_term_16,,,,,,""
hc_base.human_name_2,hc_base.human_name_term_1,,,,hc_base.human_name_term_6,,,,,,""
hc_base.human_name_100,hc_base.human_name_term_82,,hc_base.human_name_term_83,,hc_base.human_name_term_84,hc_base.human_name_term_85,,,,,""
hc_base.human_name_101,hc_base.human_name_term_86,,,,hc_base.human_name_term_87,hc_base.human_name_term_88,,,,,""
hc_base.human_name_102,hc_base.human_name_term_89,,hc_base.human_name_term_23,,hc_base.human_name_term_88,hc_base.human_name_term_90,,,,,""
hc_base.human_name_103,hc_base.human_name_term_91,,hc_base.human_name_term_92,,hc_base.human_name_term_93,hc_base.human_name_term_94,,,,,""
hc_base.human_name_104,hc_base.human_name_term_95,,hc_base.human_name_term_96,,hc_base.human_name_term_97,hc_base.human_name_term_98,,,,,""
hc_base.human_name_105,hc_base.human_name_term_99,,,hc_base.human_name_term_100,hc_base.human_name_term_101,,,,,,""
hc_base.human_name_106,hc_base.human_name_term_102,,,,hc_base.human_name_term_103,,,,,,""
hc_base.human_name_107,hc_base.human_name_term_112,,,,hc_base.human_name_term_113,,,,,,""
hc_base.human_name_108,hc_base.human_name_term_109,,,,hc_base.human_name_term_110,,,,,,""
__export__.hc_human_name_47,hc_base.human_name_term_4,,,,hc_base.human_name_term_5,,,,,,""
__export__.hc_human_name_48,hc_base.human_name_term_114,,hc_base.human_name_term_119,,hc_base.human_name_term_116,hc_base.human_name_term_118,,,,hc_base.human_name_suffix_15,""
__export__.hc_human_name_49,hc_base.human_name_term_114,hc_base.human_name_term_140,,,hc_base.human_name_term_116,,,,,hc_base.human_name_suffix_15,""
__export__.hc_human_name_50,,,,hc_base.human_name_term_115,hc_base.human_name_term_116,,,,,,""
__export__.hc_human_name_51,hc_base.human_name_term_114,,,,hc_base.human_name_term_116,hc_base.human_name_term_117,,,,hc_base.human_name_suffix_15,"Luigi"
